id,sequence,source,label,folds_index_to_predict
cpp_294-1,RRRRRRRGGIYLATALAKWALKQGF,CPP_924,1,2
cpp_294-2,IYLATALAKWALKQGFGGRRRRRRR,CPP_924,1,2
cpp_294-3,RRRRRRRGGKLAKLAKKLAKLAK,CPP_924,1,4
cpp_294-4,KKALLAHALHLLALLALHLAHALKKA,CPP_924,1,1
cpp_294-5,GALFLGFLGAAGSTMGAWSQPKSKRKV,CPP_924,1,3
cpp_294-6,KAFAKLAARLYRKALARQLGVAA,CPP_924,1,3
cpp_294-7,GSRVQIRCRFRNSTR,CPP_924,1,4
cpp_294-8,KLAKLAKKLAKLAKGRKKRRQRRRP,CPP_924,1,4
cpp_294-9,KLAKLAKKLAKLAKNYRWRCKNQN,CPP_924,1,0
cpp_294-10,NHQQQNPHQPPMLLIILRRRIRKQAHAHSK,CPP_924,1,3
cpp_294-11,CLLIILRRRIRKQAHAHSKNHQQQNPHQPPM,CPP_924,1,3
cpp_294-12,YKALRISRKLAK,CPP_924,1,1
cpp_294-13,EEEEEEEEEEPLGLAGVSRRRRRRGGRRRR,CPP_924,1,None
cpp_294-14,HHHHHHESGGGGSPGRRRRRRRRRRR,CPP_924,1,3
cpp_294-15,ARRRAARAARRRAARAARRRAARAARRRAARA,CPP_924,1,4
cpp_294-16,ARRARAARRARAARRARAARRARAARRARA,CPP_924,1,0
cpp_294-17,AKKAKAAKKAKAAKKAKAAKKAKAAKKAKA,CPP_924,1,0
cpp_294-18,RARARARARARARARARARARARARARARARA,CPP_924,1,3
cpp_294-19,YTFGLKTSFNVQYTFGLKTSFNVQ,CPP_924,1,1
cpp_294-20,RQIKIWFQNRRMKWKKRQIKIWFQNRRMKWK,CPP_924,1,4
cpp_294-21,LSTAADMQGVVTDGMASGLDKDYLKPDD,CPP_924,1,0
cpp_294-22,AGYLLGHINLHHLAHLHHILC,CPP_924,1,2
cpp_294-23,AGYLLGKINLKKLAKLLLIL,CPP_924,1,2
cpp_294-24,KWFKIQMQIRRWKNKR,CPP_924,1,2
cpp_294-25,TAMRAVDKLLLHLKKLFREGQFNRNFESIIICRDRT,CPP_924,1,3
cpp_294-26,HHHHHHHHHHHHHHHHHHHHRRRRRRRRRRRRRRR,CPP_924,1,0
cpp_294-27,CIGAVLKVLTTGLPALISWIKRKRQQ,CPP_924,1,2
cpp_294-28,GKKALKLAAKLLKKC,CPP_924,1,2
cpp_294-29,RRRRRRRQIKILFQNRRMKWKKGGC,CPP_924,1,4
cpp_294-30,GLFKALLKLLKSLWKLLLKAGGC,CPP_924,1,4
cpp_294-31,KWFETWFTEWPKKRKGGC,CPP_924,1,0
cpp_294-32,LIRLWSHLIHIWFQNRRLKWKKKGGC,CPP_924,1,4
cpp_294-33,WEAKLAKALAKALAKHLAKALAKALKACEA,CPP_924,1,1
cpp_294-34,CGGMVTVLFRRLRIRRASGPPRVRV,CPP_924,1,2
cpp_294-35,PKKKRKVWKLLQQFFGLM,CPP_924,1,3
cpp_294-36,GWTLNSAGYLLGKINLKALAALAKKIL,CPP_924,1,2
cpp_294-37,CSSLDEPGRGGFSSESKV,CPP_924,1,0
cpp_294-38,KCFQWQRNMRKVRGPPVSCIKR,CPP_924,1,3
cpp_294-39,GRGDSPRRSPRR,CPP_924,1,2
cpp_294-40,GRGDSPRRKKKKSPRRKKKKSPRR,CPP_924,1,1
cpp_294-41,LLKLLKKLLKLLKKLLKLL,CPP_924,1,4
cpp_294-42,WLKLLKKWLKLWKKLLKLW,CPP_924,1,2
cpp_294-43,FLKLLKKFLKLFKKLLKLF,CPP_924,1,3
cpp_294-44,KALKLKLALALLAKLKLA,CPP_924,1,4
cpp_294-45,RRWRRWWRRWWRRWRR,CPP_924,1,3
cpp_294-46,IPLVVPLRRRRRRRRC,CPP_924,1,1
cpp_294-47,KFLNRFWHWLQLKPGQPMY,CPP_924,1,4
cpp_294-48,DAATARGRGRSAASRPTERPRAPARSASRPRRPVD,CPP_924,1,1
cpp_294-49,LGTYTQDFNKFHTFPQTAIGVGAP,CPP_924,1,3
cpp_294-50,KETWWETWWTEWSQPKKKRKV,CPP_924,1,4
cpp_294-51,GLFRALLRLLRSLWRLLLRA,CPP_924,1,4
cpp_294-52,YARVRRRGPRR,CPP_924,1,2
cpp_294-53,CRQIKIWFQNRRMKWKKKLAKLAKKLAKLAK,CPP_924,1,4
cpp_294-54,CRRLRHLRHHYRRRWHRFRC,CPP_924,1,4
cpp_294-55,CLLYWFRRRHRHHRRRHRRC,CPP_924,1,0
cpp_294-56,ISFDELLDYYGESGS,CPP_924,1,0
cpp_294-57,ISFRRRRRRRRELLDYYSSSSSESGS,CPP_924,1,None
cpp_294-58,ISFRRRRRRRREWLQAYSSSSSEDE,CPP_924,1,None
cpp_294-59,PKKKRKVAGYLLGKINLKALAALAKKILPQMQQNVFQYPGAGMVPQGEANF,CPP_924,1,None
cpp_294-60,PKKKRKVRRRRRRRYSQTSHKLVQLLTTAEQQ,CPP_924,1,None
cpp_294-61,PKKKRKVRRRRRRRPQMQQNVFQYPGAGMVPQGEANF,CPP_924,1,None
cpp_294-62,YGRKKRRQRRRDPYHATSGALSPAKDCGSQKYAYFNGCSSPTLSPMSP,CPP_924,1,0
cpp_294-63,YGRKKRRQRRRAYFNGCSSPTAPLSPMSP,CPP_924,1,0
cpp_294-64,CGGKDCERRFSRSDQLKRHQRRHTGVKPFQ,CPP_924,1,4
cpp_294-65,GGGGRRRRRRRRRLLLL,CPP_924,1,0
cpp_294-66,YARAAARQARAKALARQLGVAA,CPP_924,1,1
cpp_294-67,RIMRILRILKLAR,CPP_924,1,2
cpp_294-68,RKKRRQRRRGGGKLLKLLLKLLLKLLK,CPP_924,1,1
cpp_294-69,GALFLAFLAAALSLMGLWSQPKKKRKV,CPP_924,1,4
cpp_294-70,KLFMALVAFLRFLTIPPTAGILKRWGTI,CPP_924,1,4
cpp_294-71,LKRWGTIKKSKAINVLRGFRKEIGRMLNILNRRRR,CPP_924,1,0
cpp_294-72,CELAGIGILTVRKKRRQRRR,CPP_924,1,1
cpp_294-73,CELAGIGILTVKKKKKQKKK,CPP_924,1,1
cpp_294-74,CREKAKKLFKKILKKL,CPP_924,1,None
cpp_294-75,ACSGRGSGCGSGRGSCG,CPP_924,1,3
cpp_294-76,ACRGSGRGCGRGSGRCG,CPP_924,1,2
cpp_294-77,ACRGRGRGCGRGRGRCG,CPP_924,1,2
cpp_294-78,ACRGRRRGCGRRRGRCG,CPP_924,1,2
cpp_294-79,ACRRSRRGCGRRSRRCG,CPP_924,1,2
cpp_294-80,ACRDRFRRCPADERLCG,CPP_924,1,0
cpp_294-81,ACRGRGRGCGSGSRSCG,CPP_924,1,3
cpp_294-82,ACRGRGRRCGSGRRSCG,CPP_924,1,3
cpp_294-83,ARRRRCSGSGSGCGSGSGSCGRRRR,CPP_924,1,3
cpp_294-84,ARRRRCSDRFRNCPADEALCGRRRR,CPP_924,1,0
cpp_294-85,ACSHSGHGCGHGSHSCGRRRRRRRR,CPP_924,1,3
cpp_294-86,ACHGRRWGCGRHRGRCG,CPP_924,1,2
cpp_294-87,HEHEHEHEHEHEHEHEHEHEHEHEEFGGGGGYGRGRGRGRGRGRG,CPP_924,1,1
cpp_294-88,WELVVLGKLYGRKKRRQRRR,CPP_924,1,None
cpp_294-89,GLKKLARLFHKLLKLGC,CPP_924,1,1
cpp_294-90,RLRLRLRLRLRLRLRLKRLKRLKRLKRLKKKKKKKGYK,CPP_924,1,3
cpp_294-91,RLRLRLRLRLRLRLRLKNNKNNKNNKNNKKKKKKKGYK,CPP_924,1,3
cpp_294-92,GYGYGYGYGYGYGYGYKKRKKRKKRKKRKQQKQQKRRK,CPP_924,1,3
cpp_294-93,ALALALALALALALALKIKKIKKIKKIKKLAKLAKKIK,CPP_924,1,3
cpp_294-94,LALALALALALALALAKKLKKLKKLKKLKKLKKLKYAK,CPP_924,1,3
cpp_294-95,IKIKIKIKIKIKIKIKKLAKLAKLAKLAKLAKLAKKIK,CPP_924,1,4
cpp_294-96,LALALALALALALAKLAKLAKLAKLAKIKKIKKKIK,CPP_924,1,3
cpp_294-97,LILILILILILILILIKRKKRKKRKKRKKRAKRAKHSK,CPP_924,1,2
cpp_294-98,LKKLCKLLKKLCKLAG,CPP_924,1,1
cpp_294-99,VTPHHVLVDEYTGEWVDSQFK,CPP_924,1,2
cpp_294-100,HEHEHEHEHEPEGPLA,CPP_924,1,None
cpp_294-101,RGRGRGRGRGPEGPLA,CPP_924,1,None
cpp_294-102,mPEGPLAHEHEHEHEHE,CPP_924,1,None
cpp_294-103,mPEGPLARGRGRGRGRG,CPP_924,1,None
cpp_294-104,GGVCPKILKKCRRDSDCPGACICRGNGYCGSGSD,CPP_924,1,4
cpp_294-105,GRCTKSIPPICFPD,CPP_924,1,2
cpp_294-106,GRCTRSIPPKCWPD,CPP_924,1,2
cpp_294-107,WEARLARALARALARHLARALARALRACEA,CPP_924,1,1
cpp_294-108,HSDAVFTDNYTALRKQMAVKKYLNSILNYGRKKRRQRRR,CPP_924,1,2
cpp_294-109,KSTGKANKITITNDKGRLSK,CPP_924,1,0
cpp_294-110,KWCFRVCYRGICYRRCRGK,CPP_924,1,2
cpp_294-111,KWSFRVSYRGISYRRSRGK,CPP_924,1,2
cpp_294-112,KWFRVYRGIYRRRGK,CPP_924,1,4
cpp_294-113,KWCFAVCYAGICYAACAGK,CPP_924,1,2
cpp_294-114,CTSTTAKRKKRKLK,CPP_924,1,3
cpp_294-115,HILPWKWPWWPWRR,CPP_924,1,3
cpp_294-116,MRRIRPRPPRLPRPRPRPLPFPRPGGCYPG,CPP_924,1,0
cpp_294-117,RGGRLSYSRRRFSTSTGRA,CPP_924,1,0
cpp_294-118,YGDCLPHLKLCKENKDCCSKKCKRRGTNIEKRCR,CPP_924,1,0
cpp_294-119,KHKHKHKHKHKHKHKHKHKKLFKKILKYL,CPP_924,1,2
cpp_294-120,RRRQRRKKRGYCKCKYGRKKRRQRRR,CPP_924,1,4
cpp_294-121,RQIKIQFQNRRKWKK,CPP_924,1,4
cpp_294-122,APWHLSSQYSRT,CPP_924,1,3
cpp_294-123,GNYAHRVGAGAPVWL,CPP_924,1,4
cpp_294-124,TVDNPASTTNKDKLFAVRK,CPP_924,1,0
cpp_294-125,KIAKLKAKIQKLKQKIAKLK,CPP_924,1,2
cpp_294-126,GGAYVTRSSAVRLRSSVPGVRLLQ,CPP_924,1,4
cpp_294-127,LLIILRRRIRRRARARSR,CPP_924,1,1
cpp_294-128,LLHILRRSIRKQAHAIRK,CPP_924,1,3
cpp_294-129,LLRILRRSIRRARRAIRR,CPP_924,1,2
cpp_294-130,LLRHLRRHIRRARRHIRR,CPP_924,1,3
cpp_294-131,MAMPGEPRRANVMAHKLEPASLQLRNSCA,CPP_924,1,4
cpp_294-132,MAPQRDTVGGRTTPPSWGPAKAQLRNSCA,CPP_924,1,0
cpp_294-133,CGRKKRWWRQRWWRWWRPPQ,CPP_924,1,3
cpp_294-134,CGRKKRAARQRAARAARPPQ,CPP_924,1,2
cpp_294-135,CGRKKRLLRQRLLRLLRPPQ,CPP_924,1,2
cpp_294-136,YKQCHKKGGHCFPKEKICLPPSSDFGKMDCRWRWKCCKKGSG,CPP_924,1,4
cpp_294-137,LIKKALAALAKLNI,CPP_924,1,1
cpp_294-138,CRKARYRGRKRQR,CPP_924,1,2
cpp_294-139,CAYGGQQGGQGGG,CPP_924,1,3
cpp_294-140,RQIRIWFQNRRMRWRRC,CPP_924,1,4
cpp_294-141,RRRRRRRRRGPGVTWTPQAWFQWV,CPP_924,1,4
cpp_294-142,HEHEHEHEHEHEHEHEHEHEGGGGGKLALKLALKALKAALKLA,CPP_924,1,1
cpp_294-143,GKRKKKGKGLGKKRDPCLRKYK,CPP_924,1,0
cpp_294-144,FFLIPKGRRRRRRRRGC,CPP_924,1,3
cpp_294-145,FFFFFFGRRRRRRRRGC,CPP_924,1,2
cpp_294-146,CGNVVRQGCGYGRKKRRQRRRGTALDWSWLQTE,CPP_924,1,None
cpp_294-147,CHHHHHRRRRRRRRRHHHHHC,CPP_924,1,4
cpp_294-148,GLWWKAWWKAWWKSLWWRKRKRKA,CPP_924,1,0
cpp_294-149,WWWWRRRRRRRR,CPP_924,1,4
cpp_294-150,RRRRWWWWRRRR,CPP_924,1,0
cpp_294-151,RWRRWRRWRRWR,CPP_924,1,1
cpp_294-152,DSLKSYWYLQKFSWR,CPP_924,1,1
cpp_294-153,KLWMRWWSPTTRRYG,CPP_924,1,1
cpp_294-154,RLWMRWYSPWTRRWG,CPP_924,1,1
cpp_294-155,RLIMRIYAPTTRRYG,CPP_924,1,1
cpp_294-156,RLYMRYYSPTTRRYG,CPP_924,1,1
cpp_294-157,KRPTMRFRYTWNPMK,CPP_924,1,2
cpp_294-158,WKCRRQCFRVLHHWN,CPP_924,1,0
cpp_294-159,RLLRLLLRLWRRLLRLLR,CPP_924,1,4
cpp_294-160,GIGKFLHSAKKFGKAFVGEIMNSGGKKWKMRRNQFWVKVQRG,CPP_924,1,4
cpp_294-161,RLLRLLRRLLRLLRRLLRC,CPP_924,1,0
cpp_294-162,RGDRGDRRDLRLDRGDLRC,CPP_924,1,3
cpp_294-163,RGERGERRELRLERGELRC,CPP_924,1,4
cpp_294-164,GGGRRRRRRYGRKKRRQRR,CPP_924,1,2
cpp_294-165,YKQSHKKGGKKGSG,CPP_924,1,0
cpp_294-166,YRQSHRRGGRRGSG,CPP_924,1,0
cpp_294-167,GRKKRRERRRPPERKCX,CPP_924,1,0
cpp_294-168,EARPALLTSRLRFIPK,CPP_924,1,3
cpp_294-169,GRKKRRQRRRMVSAL,CPP_924,1,4
cpp_294-170,TPWWRLWTKWHHKRRDLPRKPEGC,CPP_924,1,0
cpp_294-171,YSSYSAPVSSSLSVRRSYSSSSGS,CPP_924,1,1
cpp_294-172,CSIPPEVKFNKPFVYLI,CPP_924,1,0
cpp_294-173,RKLTTIFPLNWKYRKALSLG,CPP_924,1,2
cpp_294-174,DITYRFRGPDWL,CPP_924,1,4
cpp_294-175,KHHWHHVRLPPPVRLPPPGNHHHHHH,CPP_924,1,0
cpp_294-176,KKWALLALALHHLAHLALHLALALKKAHHHHHH,CPP_924,1,1
cpp_294-177,RKKRRRESWVHLPPPVHLPPPGGHHHHHH,CPP_924,1,1
cpp_294-178,FFKKLALHALHLLALLWLHLAHLALKK,CPP_924,1,0
cpp_294-179,KHKLLHLLHLLALLWLHLLHLLKHK,CPP_924,1,2
cpp_294-180,CASGQQGLLKLC,CPP_924,1,4
cpp_294-181,VKRFKKFFRKLKKSV,CPP_924,1,2
cpp_294-182,KKKKKKNKKLQQRGD,CPP_924,1,0
cpp_294-183,RGDGPRRRPRKRRGR,CPP_924,1,1
cpp_294-184,RRRQKRIVVRRRLIR,CPP_924,1,2
cpp_294-185,RRVWRRYRRQRWCRR,CPP_924,1,3
cpp_294-186,RRARRPRRLRPAPGR,CPP_924,1,4
cpp_294-187,LLRARWRRRRSRRFR,CPP_924,1,0
cpp_294-188,RGPRRQPRRHRRPRR,CPP_924,1,1
cpp_294-189,RRWRRWNRFNRRRCR,CPP_924,1,2
cpp_294-190,HSDGIFTDSYSRYRKQMAVKKYLAAVLGKRYKQRVKNK,CPP_924,1,2
cpp_294-191,MAARLCCQLDPARDVLCLRP,CPP_924,1,3
cpp_294-192,YGRKKRRQRRRGLFGAIAGFIENGWEGMIDGWYG,CPP_924,1,0
cpp_294-193,RHHRRHHRRHRRHHRRHHRHHR,CPP_924,1,1
cpp_294-194,RHHLRHLRRHLRHLLRHLRHHLRHLRRHLRHLL,CPP_924,1,0
cpp_294-195,RLHHRLHRRLHRLHRRLHRLHHRLHRRLH,CPP_924,1,0
cpp_294-196,LHHLLHHLLHLLHHLLHHLHHL,CPP_924,1,2
cpp_294-197,RLHLRLHLRHLRHHLRLH,CPP_924,1,4
cpp_294-198,AEAEAEAEAKAKAKAKAGGGHRRRRRRR,CPP_924,1,1
cpp_294-199,RFTFHFRFEFTFHFEGGGRRRRRRR,CPP_924,1,2
cpp_294-200,FQFNFQFNGGGHRRRRRRR,CPP_924,1,0
cpp_294-201,RHNFRFFFNFRTNR,CPP_924,1,1
cpp_294-202,KLLKLLLKLWKKLLKLLKGGGRRRRRRR,CPP_924,1,4
cpp_294-203,HRLRHALAHLLHKLKHLLHALAHRLRH,CPP_924,1,1
cpp_294-204,HALAHKLKHLLHRLRHLLHRHLRHALAH,CPP_924,1,0
cpp_294-205,LAELLAELLAELGGGGRRRRRRRRR,CPP_924,1,3
cpp_294-206,ACSSSPSKHCGGGGRRRRRRRRR,CPP_924,1,4
cpp_294-207,RLALRLALRALRAALRLA,CPP_924,1,1
cpp_294-208,CGGGARKKAAKAARKKAAKAARKKAAKAARKKAAKA,CPP_924,1,4
cpp_294-209,GGGGRRWWRRWRR,CPP_924,1,None
cpp_294-210,FITKALGISYGRKKRRQRRRPPQ,CPP_924,1,0
cpp_294-211,GWTLNSAGYLLGKFLPLILRKIVTAL,CPP_924,1,2
cpp_294-212,GWTLNSAGYLLGPHAVGNHRSFSDKNGLTS,CPP_924,1,2
cpp_294-213,KLALKAAAKAWKAAAKAA,CPP_924,1,2
cpp_294-214,KITLKLAIKAWKLALKAA,CPP_924,1,1
cpp_294-215,KIAAKSIAKIWKSILKIA,CPP_924,1,2
cpp_294-216,KLALKLALKWAKLALKAA,CPP_924,1,4
cpp_294-217,KLLAKAAKKWLLLALKAA,CPP_924,1,3
cpp_294-218,KALKKLLAKWLAAAKALL,CPP_924,1,0
cpp_294-219,KLAAALLKKWKKLAAALL,CPP_924,1,1
cpp_294-220,KALAALLKKWAKLLAALK,CPP_924,1,4
cpp_294-221,KLGLKLGLKGLKGGLKLG,CPP_924,1,4
cpp_294-222,KLALQLALQALQAALQLA,CPP_924,1,1
cpp_294-223,ELALELALEALEAALELA,CPP_924,1,1
cpp_294-224,LKTLATALTKLAKTLTTL,CPP_924,1,1
cpp_294-225,LLKTTALLKTTALLKTTA,CPP_924,1,2
cpp_294-226,LKTLTETLKELTKTLTEL,CPP_924,1,3
cpp_294-227,LLKTTELLKTTELLKTTE,CPP_924,1,3
cpp_294-228,RQPKIWFPNRRKPWKK,CPP_924,1,4
cpp_294-229,KCGCRWRWKCGCKK,CPP_924,1,0
cpp_294-230,KMDSRWRWKSSKK,CPP_924,1,4
cpp_294-231,KMDCRPRPKCCKK,CPP_924,1,0
cpp_294-232,GRPRESGKKRKRKRLKP,CPP_924,1,0
cpp_294-233,RKKRRRESRRARRSPRHL,CPP_924,1,2
cpp_294-234,SRRARRSPRESGKKRKRKR,CPP_924,1,0
cpp_294-235,VKRGLKLRHVRPRVTRMDV,CPP_924,1,0
cpp_294-236,SRRARRSPRHLGSG,CPP_924,1,2
cpp_294-237,AYRIKPTFRRLKWKYKGKFW,CPP_924,1,4
cpp_294-238,VNADIKATTVFGGKYVSLTTP,CPP_924,1,4
cpp_294-239,GKYVSLTTPKNPTKRRITPKDV,CPP_924,1,0
cpp_294-240,RSVTTEINTLFQTLTSIAEKVDP,CPP_924,1,1
cpp_294-241,AEKVDPVKLNLTLSAAAEALTGLGDK,CPP_924,1,2
cpp_294-242,GLGDKFGESIVNANTVLDDLNSRMPQSRHDIQQL,CPP_924,1,3
cpp_294-243,GDVYADAAPDLFDFLDSSVTTARTINA,CPP_924,1,4
cpp_294-244,ARTINAQQAELDSALLAAAGFGNTTADVFDRG,CPP_924,1,0
cpp_294-245,ADVFDRGGPYLQRGVADLVPTATLLDTYSP,CPP_924,1,1
cpp_294-246,LDTYSPELFCTIRNFYDADRPDRGAAA,CPP_924,1,2
cpp_294-247,HHHHHHTKRRITPKDVIDVRSVTTEINT,CPP_924,1,1
cpp_294-248,RTLVNEYKNTLKFSK,CPP_924,1,3
cpp_294-249,IPSRWKDQFWKRWHY,CPP_924,1,4
cpp_294-250,GYGNCRHFKQKPRRD,CPP_924,1,0
cpp_294-251,KNAWKHSSCHHRHQI,CPP_924,1,1
cpp_294-252,RVREWWYTITLKQES,CPP_924,1,2
cpp_294-253,QQHLLIAINGYPRYN,CPP_924,1,3
cpp_294-254,RLWMRWYSPTTARYG,CPP_924,1,1
cpp_294-255,KSHAHAQKRIRRRLIILL,CPP_924,1,1
cpp_294-256,RQGAARVTSWLGRQLRIAGKRLEGRSK,CPP_924,1,1
cpp_294-257,GRQLRRAGRRLRGRSR,CPP_924,1,2
cpp_294-258,GRQLRIAGRRLRRRSR,CPP_924,1,2
cpp_294-259,KLIKGRTPIKFGKADCDRPPKHSQNGMGK,CPP_924,1,1
cpp_294-260,KRIPNKKPGKKTTTKPTKKPTIKTTKKDLKPQTTKPK,CPP_924,1,2
cpp_294-261,KSICKTIPSNKPKKK,CPP_924,1,4
cpp_294-262,KPRSKNPPKKPK,CPP_924,1,1
cpp_294-263,DRDDRDDRDDRDDRDDR,CPP_924,1,2
cpp_294-264,ERERERERERERER,CPP_924,1,3
cpp_294-265,WRWRWRWRWRWRWR,CPP_924,1,4
cpp_294-266,DRRRRGSRPSGAERRRRRAAAA,CPP_924,1,1
cpp_294-267,KRPAAIKKAGQAKKKK,CPP_924,1,1
cpp_294-268,TRRSKRRSHRKF,CPP_924,1,2
cpp_294-269,FVTRGCPRRLVARLIRVMVPRR,CPP_924,1,3
cpp_294-270,RVRILARFLRTRV,CPP_924,1,0
cpp_294-271,VIRVHFRLPVRTV,CPP_924,1,2
cpp_294-272,MVRRFLVTLRIRRACGPPRVRVFVVHIPRLTGEWAAP,CPP_924,1,2
cpp_294-273,FRVPLRIRPCVVAPRLVMVRHTFGRIARWVAGPLETR,CPP_924,1,3
cpp_294-274,GTKMIFVGIKKKEERADLIAYLKKA,CPP_924,1,3
cpp_294-275,RRRRNRTRRNRRRVRGC,CPP_924,1,2
cpp_294-276,TRRQRTRRARRNRGC,CPP_924,1,3
cpp_294-277,KMTRAQRRAAARRNRWTARGC,CPP_924,1,4
cpp_294-278,KLTRAQRRAAARKNKRNTRGC,CPP_924,1,4
cpp_294-279,NAKTRRHERRRKLAIERGC,CPP_924,1,4
cpp_294-280,MDAQTRRRERRAEKQAQWKAANGC,CPP_924,1,2
cpp_294-281,TAKTRYKARRAELIAERRGC,CPP_924,1,0
cpp_294-282,SQMTRQARRLYBGC,CPP_924,1,1
cpp_294-283,KRRIRRERNKMAAAKSRNRRRELTDTGC,CPP_924,1,1
cpp_294-284,RIKAERKRMRNRIAASKSRKRKLERIARGC,CPP_924,1,2
cpp_294-285,KRARNTEAARRSRARKLQRMKQGC,CPP_924,1,2
cpp_294-286,KCFMWQEMLNKAGVPKLRCARK,CPP_924,1,4
cpp_294-287,GLWWRLWWRLRSWFRLWFRA,CPP_924,1,0
cpp_294-288,AKVKDEPQRRSARLSAKPAPPKPEPKPKKAPAKK,CPP_924,1,2
cpp_294-289,PLSSIFSRIGDP,CPP_924,1,1
cpp_294-290,PSSSSSSRIGDP,CPP_924,1,2
cpp_294-291,VELPPPVELPPPVELPPP,CPP_924,1,3
cpp_294-292,ALWMTLLKKVLKAAAKAALNAVLVGANA,CPP_924,1,4
cpp_294-293,ALWKTLLKKVLKAPKKKRKV,CPP_924,1,2
cpp_294-294,PKKKRKVALWKTLLKKVLKA,CPP_924,1,0
cpp_294-295,RQARRNRRRALWKTLLKKVLKA,CPP_924,1,0
cpp_294-296,EEEAAGRKRKKRT,CPP_924,1,0
cpp_294-297,FFFAAGRKRKKRT,CPP_924,1,3
cpp_294-298,NNNAAGRKRKKRT,CPP_924,1,0
cpp_294-299,YYYAAGRKRKKRT,CPP_924,1,3
cpp_294-300,GKKKKRKREKL,CPP_924,1,3
cpp_294-301,FLGKKFKKYFLQLLK,CPP_924,1,2
cpp_294-302,FLIFIRVICIVIAKLKANLMCKT,CPP_924,1,3
cpp_294-303,KKAAQIRSQVMTHLRVI,CPP_924,1,4
cpp_294-304,YIVLRRRRKRVNTKRS,CPP_924,1,1
cpp_294-305,RRKLSQQKEKK,CPP_924,1,2
cpp_294-306,VQAILRRNWNQYKIQ,CPP_924,1,3
cpp_294-307,KTVLLRKLLKLLVRKI,CPP_924,1,4
cpp_294-308,LLKKRKVVRLIKFLLK,CPP_924,1,0
cpp_294-309,KLPCRSNTFLNIFRRKKPG,CPP_924,1,1
cpp_294-310,KKICTRKPRFMSAWAQ,CPP_924,1,2
cpp_294-311,RGGRLAYLRRRWAVLGR,CPP_924,1,0
cpp_294-312,MANLGYWLLALFVTMWTDVGLCKKRPKP,CPP_924,1,3
cpp_294-313,MANLGCWMLVLFVATWSDLGLCKKRPKP,CPP_924,1,3
cpp_294-314,MVKSKIGSWILVLFVAMWSDVGLCKKRPKP,CPP_924,1,3
cpp_294-315,LLGDFFRKSKEKIGKEFKRIVQRIKDFLRNLVPRTESC,CPP_924,1,0
cpp_294-316,RVIRVWFQNKRCKDKK,CPP_924,1,3
cpp_294-317,SKRTRQTYTRYQTLELEKEFHFNRYITRRRRIDIANALSLSERQIKIWFQNRRMKSKKDR,CPP_924,1,None
cpp_294-318,EKRPRTAFSSEQLARLKREFNENRYLTTERRRQQLSSELGLNEAQIKIWFQNKRAKIKKST,CPP_924,1,None
cpp_294-319,GRRRRRRRRRPPQ,CPP_924,1,4
cpp_294-320,TSPLNIHNGQKL,CPP_924,1,2
cpp_294-321,GLLEALAELLEGLRKRLRKFRNKIKEK,CPP_924,1,1
cpp_294-322,CVQWSLLRGYQPC,CPP_924,1,3
cpp_294-323,VRLPPPVRLPPPVRLPPP,CPP_924,1,4
cpp_294-324,VHLPPPVHLPPPVHLPPP,CPP_924,1,1
cpp_294-325,VKLPPPVKLPPPVKLPPP,CPP_924,1,4
cpp_294-326,ASMWERVKSIIKSSLAAASNI,CPP_924,1,2
cpp_294-327,DPKGDPKGVTVTVTVTVTGKGDPKPD,CPP_924,1,3
cpp_294-328,YKQCHKKGGKKGSG,CPP_924,1,1
cpp_294-329,GSGKKGGKKHCQKY,CPP_924,1,1
cpp_294-330,IAWVKAFIRKLRKGPLG,CPP_924,1,2
cpp_294-331,KKKKKKGGFLGFWRGENGRKTRSAYERMCILKGK,CPP_924,1,2
cpp_294-332,RLSGMNEVLSFRWL,CPP_924,1,3
cpp_294-333,GPFHFYQFLFPPV,CPP_924,1,4
cpp_294-334,GSPWGLQHHPPRT,CPP_924,1,0
cpp_294-335,AAVALLPAVLLALLAPEILLPNNYNAYESYKYPGMFIALSK,CPP_924,1,0
cpp_294-336,AAVALLPAVLLALLAPVQRKRQKLMP,CPP_924,1,0
cpp_294-337,MGLGLHLLVLAAALQGAWSQPKKKRKV,CPP_924,1,3
cpp_294-338,WEAALAEALAEALAEHLAEALAEALEALAA,CPP_924,1,2
cpp_294-339,GLFEALLELLESLWELLLEA,CPP_924,1,4
cpp_294-340,CGAYDLRRRERQSRLRRRERQSR,CPP_924,1,2
cpp_294-341,RKKRRRESRKKRRRESC,CPP_924,1,2
cpp_294-342,PPKKSAQCLRYKKPE,CPP_924,1,4
cpp_294-343,DPVDTPNPTRRKPGK,CPP_924,1,0
cpp_294-344,KRVSRNKSEKKRR,CPP_924,1,1
cpp_294-345,GRRHHCRSKAKRSRHH,CPP_924,1,0
cpp_294-346,GRKGKHKRKKLP,CPP_924,1,2
cpp_294-347,GKRVAKRKLIEQNRERRR,CPP_924,1,3
cpp_294-348,GRKLKKKKNEKEDKRPRT,CPP_924,1,4
cpp_294-349,GKKTNLFSALIKKKKTA,CPP_924,1,0
cpp_294-350,GKRRRRATAKYRSAH,CPP_924,1,2
cpp_294-351,GRRRRKRLSHRT,CPP_924,1,3
cpp_294-352,GKHRHERGHHRDRRER,CPP_924,1,0
cpp_294-353,GKKKRKLSNRESAKRSR,CPP_924,1,1
cpp_294-354,MIIYRDLISKK,CPP_924,1,2
cpp_294-355,MIIYRALISHKK,CPP_924,1,1
cpp_294-356,MIIYRIAASHKK,CPP_924,1,4
cpp_294-357,MIIFRAAASHKK,CPP_924,1,0
cpp_294-358,MIIFRIAAYHKK,CPP_924,1,0
cpp_294-359,WIIFKIAASHKK,CPP_924,1,0
cpp_294-360,LIIFRILISHKK,CPP_924,1,3
cpp_294-361,RILQQLLFIHFRIGCRHSRI,CPP_924,1,1
cpp_294-362,DTWAGVEAIIRILQQLLFIHFR,CPP_924,1,1
cpp_294-363,GYGRKKRRGRRRTHRLPRRRRRR,CPP_924,1,2
cpp_294-364,KRIIQRILSRNS,CPP_924,1,3
cpp_294-365,KRIHPRLTRSIR,CPP_924,1,4
cpp_294-366,PPRLRKRRQLNM,CPP_924,1,0
cpp_294-367,PIRRRKKLRRLK,CPP_924,1,1
cpp_294-368,RRQRRTSKLMKR,CPP_924,1,2
cpp_294-369,MHKRPTTPSRKM,CPP_924,1,3
cpp_294-370,RQRSRRRPLNIR,CPP_924,1,4
cpp_294-371,RIRMIQNLIKKT,CPP_924,1,0
cpp_294-372,SRRKRQRSNMRI,CPP_924,1,1
cpp_294-373,QRIRKSKISRTL,CPP_924,1,2
cpp_294-374,PSKRLLHNNLRR,CPP_924,1,3
cpp_294-375,HRHIRRQSLIML,CPP_924,1,4
cpp_294-376,PQNRLQIRRHSK,CPP_924,1,0
cpp_294-377,PPHNRIQRRLNM,CPP_924,1,1
cpp_294-378,SMLKRNHSTSNR,CPP_924,1,2
cpp_294-379,GSRHPSLIIPRQ,CPP_924,1,3
cpp_294-380,SPMQKTMNLPPM,CPP_924,1,4
cpp_294-381,NKRILIRIMTRP,CPP_924,1,0
cpp_294-382,HGWIHGLLHRA,CPP_924,1,None
cpp_294-383,AVPAKKRKSV,CPP_924,1,None
cpp_294-384,PNTRVRPDVSF,CPP_924,1,3
cpp_294-385,LTRNYEAWVPTP,CPP_924,1,4
cpp_294-386,SAETVESCLAKSH,CPP_924,1,0
cpp_294-387,YSHIATLPFTPT,CPP_924,1,1
cpp_294-388,SYIQRTPSTTLP,CPP_924,1,2
cpp_294-389,AVPAENALNNPF,CPP_924,1,3
cpp_294-390,SFHQFARATLAS,CPP_924,1,4
cpp_294-391,QSPTDFTFPNPL,CPP_924,1,0
cpp_294-392,HFAAWGGWSLVH,CPP_924,1,1
cpp_294-393,HIQLSPFSQSWR,CPP_924,1,2
cpp_294-394,LTMPSDLQPVLW,CPP_924,1,3
cpp_294-395,FQPYDHPAEVSY,CPP_924,1,4
cpp_294-396,FDPFFWKYSPRD,CPP_924,1,0
cpp_294-397,FAPWDTASFMLG,CPP_924,1,1
cpp_294-398,FTYKNFFWLPEL,CPP_924,1,2
cpp_294-399,SATGAPWKMWVR,CPP_924,1,3
cpp_294-400,SLGWMLPFSPPF,CPP_924,1,4
cpp_294-401,SHAFTWPTYLQL,CPP_924,1,0
cpp_294-402,SHNWLPLWPLRP,CPP_924,1,1
cpp_294-403,SWLPYPWHVPSS,CPP_924,1,2
cpp_294-404,SWWTPWHVHSES,CPP_924,1,3
cpp_294-405,SWAQHLSLPPVL,CPP_924,1,4
cpp_294-406,SSSIFPPWLSFF,CPP_924,1,0
cpp_294-407,LNVPPSWFLSQR,CPP_924,1,1
cpp_294-408,LDITPFLSLTLP,CPP_924,1,2
cpp_294-409,LPHPVLHMGPLR,CPP_924,1,3
cpp_294-410,VSKQPYYMWNGN,CPP_924,1,4
cpp_294-411,NYTTYKSHFQDR,CPP_924,1,0
cpp_294-412,AIPNNQLGFPFK,CPP_924,1,1
cpp_294-413,NIENSTLATPLS,CPP_924,1,2
cpp_294-414,YPYDANHTRSPT,CPP_924,1,3
cpp_294-415,DPATNPGPHFPR,CPP_924,1,3
cpp_294-416,TLPSPLALLTVH,CPP_924,1,4
cpp_294-417,HPGSPFPPEHRP,CPP_924,1,0
cpp_294-418,TSHTDAPPARSP,CPP_924,1,1
cpp_294-419,MTPSSLSTLPWP,CPP_924,1,2
cpp_294-420,VLGQSGYLMPMR,CPP_924,1,3
cpp_294-421,QPIIITSPYLPS,CPP_924,1,4
cpp_294-422,TPKTMTQTYDFS,CPP_924,1,0
cpp_294-423,NSGTMQSASRAT,CPP_924,1,1
cpp_294-424,QAASRVENYMHR,CPP_924,1,2
cpp_294-425,HQHKPPPLTNNW,CPP_924,1,3
cpp_294-426,SNPWDSLLSVST,CPP_924,1,4
cpp_294-427,KTIEAHPPYYAS,CPP_924,1,0
cpp_294-428,EPDNWSLDFPRR,CPP_924,1,1
cpp_294-429,GLWRALWRALWRSLWKLKRKV,CPP_924,1,2
cpp_294-430,GLWRALWRLLRSLWRLLWSQPKKKRKV,CPP_924,1,4
cpp_294-431,YAREARRAARR,CPP_924,1,2
cpp_294-432,YGRRARRRARR,CPP_924,1,3
cpp_294-433,GRKKRRQRRRPPQGRKKRRQRRRPPQGRKKRRQRRRPPQ,CPP_924,1,2
cpp_294-434,GEQIAQLIAGYIDIILKKKKSK,CPP_924,1,3
cpp_294-435,AAVALLPAVLLALLAPRKKRRQRRRPPQC,CPP_924,1,0
cpp_294-436,RKKRRQRRRPPQCAAVALLPAVLLALLAP,CPP_924,1,3
cpp_294-437,RRRQRRKRGGDIMGEWGNEIFGAIAGFLG,CPP_924,1,4
cpp_294-438,RLWRALPRVLRRLLRP,CPP_924,1,4
cpp_294-439,AAVALLPAVLLALLAPSGASGLDKRDYV,CPP_924,1,3
cpp_294-440,LLETLLKPFQCRICMRNFSTRQARRNHRRRHRR,CPP_924,1,4
cpp_294-441,RQIKIWFQNRRMKWKKDIMGEWGNEIFGAIAGFLG,CPP_924,1,4
cpp_294-442,SGRGKQGGKARAKAKTRSSRAGLQFPVGRVHRLLRKGC,CPP_924,1,3
cpp_294-443,KGSKKAVTKAQKKDGKKRKRSRKESYSVYVYKVLKQ,CPP_924,1,2
cpp_294-444,KETWWETWWTEWSQPGRKKRRQRRRPPQ,CPP_924,1,4
cpp_294-445,LGLLLRHLRHHSNLLANI,CPP_924,1,0
cpp_294-446,KLWSAWPSLWSSLWKP,CPP_924,1,1
cpp_294-447,GLGSLLKKAGKKLKQPKSKRKV,CPP_924,1,2
cpp_294-448,YRFKYRFKYRLFK,CPP_924,1,4
cpp_294-449,WRFKWRFKWRFK,CPP_924,1,3
cpp_294-450,RGSRRAVTRAQRRDGRRRRRSRRESYSVYVYRVLRQ,CPP_924,1,2
cpp_294-451,RVIRWFQNKRSKDKK,CPP_924,1,0
cpp_294-452,CWKKKKKKKKKKKKKKKKKK,CPP_924,1,1
cpp_294-453,AAVALLPAVLLALLAKKNNLKDCGLF,CPP_924,1,3
cpp_294-454,AAVALLPAVLLALLAVTDQLGEDFFAVDLEAFLQEFGLLPEKE,CPP_924,1,3
cpp_294-455,AHALCLTERQIKIWFQNRRMKWKKEN,CPP_924,1,4
cpp_294-456,GLPVCGETCVGGTCNTPGCKCSWPVCTRN,CPP_924,1,4
cpp_294-457,RQIKIWFQNRRMKWKKTYADFIASGRTGRRNAI,CPP_924,1,2
cpp_294-458,GRKKRRQRRRPPQTYADFIASGRTGRRNAI,CPP_924,1,2
cpp_294-459,AGYLLGKINLKALAALAKKILTYADFIASGRTGRRNAI,CPP_924,1,2
cpp_294-460,RRRRRRRRRRRTYADFIASGRTGRRNAI,CPP_924,1,2
cpp_294-461,TRQARRNRRRRWRERQRGC,CPP_924,1,1
cpp_294-462,WLRRIKAWLRRIKALNRQLGVAA,CPP_924,1,1
cpp_294-463,DDKTCSMQACN,CPP_924,0,None
cpp_294-464,KHQAQGQQTFC,CPP_924,0,None
cpp_294-465,CMPTITRMPMPLR,CPP_924,0,None
cpp_294-466,HGKVYPQYWVI,CPP_924,0,None
cpp_294-467,FMVAPSMGAL,CPP_924,0,None
cpp_294-468,AAQMESMPCGC,CPP_924,0,None
cpp_294-469,SQNTYSFTYD,CPP_924,0,None
cpp_294-470,LVYGYLQGLQS,CPP_924,0,None
cpp_294-471,ESPDKYEGFILGMK,CPP_924,0,None
cpp_294-472,MPYNWVCLHE,CPP_924,0,None
cpp_294-473,IMFKCWYNTKK,CPP_924,0,None
cpp_294-474,DYDVMLFFIWDYP,CPP_924,0,None
cpp_294-475,SEGIIIWITYIYHN,CPP_924,0,None
cpp_294-476,EFQEAHSMFVVH,CPP_924,0,None
cpp_294-477,MGHIVTKDKQ,CPP_924,0,None
cpp_294-478,CPAEFKAVMM,CPP_924,0,None
cpp_294-479,IAKCNGNRGYQGRV,CPP_924,0,None
cpp_294-480,LDNALAGDMQNYN,CPP_924,0,None
cpp_294-481,GGFVSQITRGVYLK,CPP_924,0,None
cpp_294-482,IKFTVVAVYTLHGE,CPP_924,0,None
cpp_294-483,DFREVSIGELTI,CPP_924,0,None
cpp_294-484,CCIMHWYYTIEVFQ,CPP_924,0,None
cpp_294-485,EYNYCGSINE,CPP_924,0,None
cpp_294-486,MTLHEAGTSMKSF,CPP_924,0,None
cpp_294-487,GNINGMGCWN,CPP_924,0,None
cpp_294-488,FPCKADICTDVS,CPP_924,0,None
cpp_294-489,QISVRTYGRYF,CPP_924,0,None
cpp_294-490,NCSCVNELQPN,CPP_924,0,None
cpp_294-491,VMWFETRFFPCI,CPP_924,0,None
cpp_294-492,LLMAQHPEKA,CPP_924,0,None
cpp_294-493,EEFFLDRWKR,CPP_924,0,None
cpp_294-494,QDQSHAGGHVAHIM,CPP_924,0,None
cpp_294-495,RSFCWSIYMIA,CPP_924,0,None
cpp_294-496,KDAQEGQEMSKKY,CPP_924,0,None
cpp_294-497,QGKTYTMIEEKII,CPP_924,0,None
cpp_294-498,GQEGFIWLVN,CPP_924,0,None
cpp_294-499,GEIFVIIMVI,CPP_924,0,None
cpp_294-500,EPCYVDTYFV,CPP_924,0,None
cpp_294-501,NLKDDSWWGT,CPP_924,0,None
cpp_294-502,EAEQWQWLMKN,CPP_924,0,None
cpp_294-503,LKWGYMTAMESHA,CPP_924,0,None
cpp_294-504,HWFCKEMAASA,CPP_924,0,None
cpp_294-505,RHYYRGQSQPQW,CPP_924,0,None
cpp_294-506,THCNLAACREPT,CPP_924,0,None
cpp_294-507,RYMPLVITHNDAES,CPP_924,0,None
cpp_294-508,ETMQGCIQFTWQQH,CPP_924,0,None
cpp_294-509,SLHRNDITICC,CPP_924,0,None
cpp_294-510,VKARFEMWKIHHI,CPP_924,0,None
cpp_294-511,YLCNYFTHDQ,CPP_924,0,None
cpp_294-512,LVCAMIPMQTHFSR,CPP_924,0,None
cpp_294-513,CCNIEEKWFS,CPP_924,0,None
cpp_294-514,DAKWHMKGINN,CPP_924,0,None
cpp_294-515,CNIFPQLCENINWT,CPP_924,0,None
cpp_294-516,HIESESWFDYP,CPP_924,0,None
cpp_294-517,EQTNMRKHMGM,CPP_924,0,None
cpp_294-518,GRNYKKVQGYC,CPP_924,0,None
cpp_294-519,WIIQVKVAIKKHL,CPP_924,0,None
cpp_294-520,WPRPYPECHPSLTK,CPP_924,0,None
cpp_294-521,QYYKNPMVDFRQGI,CPP_924,0,None
cpp_294-522,RGLETIFHWY,CPP_924,0,None
cpp_294-523,AYDYETPRNDP,CPP_924,0,None
cpp_294-524,WWVDENGPVVE,CPP_924,0,None
cpp_294-525,IFPTRWDDRLGME,CPP_924,0,None
cpp_294-526,VKVPQKNDEQYVM,CPP_924,0,None
cpp_294-527,GGMYTRIIEGP,CPP_924,0,None
cpp_294-528,TFSEWQWNNQA,CPP_924,0,None
cpp_294-529,IQSYCAFQDWFQ,CPP_924,0,None
cpp_294-530,HTNKDQSNVQCWY,CPP_924,0,None
cpp_294-531,MMYLWVVPYYSSSD,CPP_924,0,None
cpp_294-532,KNPCTIKQYAFCN,CPP_924,0,None
cpp_294-533,IMAEREFAIF,CPP_924,0,None
cpp_294-534,TMFLHGHPNFN,CPP_924,0,None
cpp_294-535,QSVPKRLATLRE,CPP_924,0,None
cpp_294-536,DSDQQQQFEP,CPP_924,0,None
cpp_294-537,RNFMSEVQTLIVRF,CPP_924,0,None
cpp_294-538,DLNWSYYTCAHEG,CPP_924,0,None
cpp_294-539,PPDGVNIHYQLN,CPP_924,0,None
cpp_294-540,VKQCFKHWNIQDG,CPP_924,0,None
cpp_294-541,ESHINQKWVCK,CPP_924,0,None
cpp_294-542,TTRWHWNACKMMQ,CPP_924,0,None
cpp_294-543,HMYLAFPGGVHRA,CPP_924,0,None
cpp_294-544,KFPCWPINTHV,CPP_924,0,None
cpp_294-545,FDIPMTRWVSRWNQ,CPP_924,0,None
cpp_294-546,SWLLLMMPQHP,CPP_924,0,None
cpp_294-547,HDPFLAYCGPRNRL,CPP_924,0,None
cpp_294-548,TRVSAMPNCA,CPP_924,0,None
cpp_294-549,WMIDVYLAECIVEK,CPP_924,0,None
cpp_294-550,EEDFIYHQKVPQS,CPP_924,0,None
cpp_294-551,IHWIRSKVWLKH,CPP_924,0,None
cpp_294-552,TTPINDDWESM,CPP_924,0,None
cpp_294-553,PYFMNKERWCVI,CPP_924,0,None
cpp_294-554,DIEECESCRKLDHP,CPP_924,0,None
cpp_294-555,HCETGAMHALE,CPP_924,0,None
cpp_294-556,EVEPLAWYMSWPV,CPP_924,0,None
cpp_294-557,CHPERRFQRGCT,CPP_924,0,None
cpp_294-558,RQYKNEFQNQTQM,CPP_924,0,None
cpp_294-559,TVDVHPGAFDQL,CPP_924,0,None
cpp_294-560,EYTMDFARIWWEYR,CPP_924,0,None
cpp_294-561,MMWWGNHWCICNF,CPP_924,0,None
cpp_294-562,PVMSMPCTDG,CPP_924,0,None
cpp_294-563,HFDAYAEHKDLIS,CPP_924,0,None
cpp_294-564,FAKDLPDWALEGW,CPP_924,0,None
cpp_294-565,FLIQMYMHSGLHDM,CPP_924,0,None
cpp_294-566,AINPWSPKRS,CPP_924,0,None
cpp_294-567,SDVFFRPGSIEA,CPP_924,0,None
cpp_294-568,MEPAAMWTITDI,CPP_924,0,None
cpp_294-569,QDRYGNMFETIW,CPP_924,0,None
cpp_294-570,NMTPHVLMRLLDF,CPP_924,0,None
cpp_294-571,EVQLNKLFIPTQ,CPP_924,0,None
cpp_294-572,MKWNTYPIFP,CPP_924,0,None
cpp_294-573,CHCEVFENDQR,CPP_924,0,None
cpp_294-574,LCSAMDYFIA,CPP_924,0,None
cpp_294-575,YTIGTAPISYDG,CPP_924,0,None
cpp_294-576,QVEAHRLHSIRDNQ,CPP_924,0,None
cpp_294-577,KGNSDLRCQFTMGF,CPP_924,0,None
cpp_294-578,KLQQTRSTQTCE,CPP_924,0,None
cpp_294-579,VENCVSTGLCG,CPP_924,0,None
cpp_294-580,LHKWDVQGYNDP,CPP_924,0,None
cpp_294-581,IQPSEFALLLP,CPP_924,0,None
cpp_294-582,ANNIQTIVSFC,CPP_924,0,None
cpp_294-583,CIHGYQKIKDAV,CPP_924,0,None
cpp_294-584,KCWIEEYFALKQPE,CPP_924,0,None
cpp_294-585,LGWSRSYPDAQDRH,CPP_924,0,None
cpp_294-586,ASCEYTQTTSRH,CPP_924,0,None
cpp_294-587,LAFNKKMSTR,CPP_924,0,None
cpp_294-588,ADSTNHLSNRTGVFCVV,CPP_924,0,None
cpp_294-589,DWCWWKVLYTVVRTLSCD,CPP_924,0,None
cpp_294-590,EHHQVQCTKARSMFHTA,CPP_924,0,None
cpp_294-591,LGMNIPNIKTFEKARCMQ,CPP_924,0,None
cpp_294-592,FGIHSPVNWLANARF,CPP_924,0,None
cpp_294-593,CNNKRFNECWPEDFWLGN,CPP_924,0,None
cpp_294-594,PGCNEISNKLLIKFFATPH,CPP_924,0,None
cpp_294-595,QRQTHMVTHLAKQMV,CPP_924,0,None
cpp_294-596,TNFYLMVPMYFTSSDCNLQ,CPP_924,0,None
cpp_294-597,TDMMGRRWPTCQEMTSTK,CPP_924,0,None
cpp_294-598,YACTWTGSMSERYVVR,CPP_924,0,None
cpp_294-599,MCVNSDVNQWIDLRPPAMS,CPP_924,0,None
cpp_294-600,CWGDFGCWIIWQSNPCEQ,CPP_924,0,None
cpp_294-601,SMMRGVYSWFGCQWHNML,CPP_924,0,None
cpp_294-602,MRVCHIYQADYKDGDAHDH,CPP_924,0,None
cpp_294-603,YKYKKRQFFMDVRWF,CPP_924,0,None
cpp_294-604,YAFYPWQWGCRDCQQS,CPP_924,0,None
cpp_294-605,GQGFDDMMSICYIAMLC,CPP_924,0,None
cpp_294-606,NTFTEALNPPFKEMLS,CPP_924,0,None
cpp_294-607,MMVKEELDFSETQIKRN,CPP_924,0,None
cpp_294-608,GWWIHGQGSYVPCIT,CPP_924,0,None
cpp_294-609,LWFQMGRNDATDWIRN,CPP_924,0,None
cpp_294-610,ELMRYSEDYAWQNFDH,CPP_924,0,None
cpp_294-611,LHPAKLAFFGIMMTCEKM,CPP_924,0,None
cpp_294-612,SSKLHCQVGDLQYKMPF,CPP_924,0,None
cpp_294-613,TTHDDACIQYLMELNPDIV,CPP_924,0,None
cpp_294-614,PRAVHKPFIHYDKPMWYT,CPP_924,0,None
cpp_294-615,CAQAEYSRIWYDTLIE,CPP_924,0,None
cpp_294-616,NALDVKVQTWVLLNDFN,CPP_924,0,None
cpp_294-617,LPRVMCCPGVSLMRFMQ,CPP_924,0,None
cpp_294-618,ARIVSNTTMWSVHLHMEW,CPP_924,0,None
cpp_294-619,RWAGRFENIEWAQPEH,CPP_924,0,None
cpp_294-620,PRRTNPDRDNKQPGWPGL,CPP_924,0,None
cpp_294-621,KQMTASMTRFEVCNVANQ,CPP_924,0,None
cpp_294-622,AIWQHLDLYSECKCGFSI,CPP_924,0,None
cpp_294-623,TIEDCFSMASRIIKCYHP,CPP_924,0,None
cpp_294-624,MLHGENHANIRWCYT,CPP_924,0,None
cpp_294-625,DHRYNFQNHMHSDFAYMY,CPP_924,0,None
cpp_294-626,AELQCSVYKNTRNHDTDV,CPP_924,0,None
cpp_294-627,LATRPEKQKDPEFDKE,CPP_924,0,None
cpp_294-628,ANSVKVDLTDKYCKEWQ,CPP_924,0,None
cpp_294-629,QVHMEKNNIMMPDNKWGYE,CPP_924,0,None
cpp_294-630,NANHLVGQWEHMWYAMFQA,CPP_924,0,None
cpp_294-631,TYIMPMEDKTTCCGPM,CPP_924,0,None
cpp_294-632,PFGFNGSRGDLWVGVHGSV,CPP_924,0,None
cpp_294-633,VKRIVTYNLGDMRSNPQGP,CPP_924,0,None
cpp_294-634,IQIDDESNPLSPGVNDLH,CPP_924,0,None
cpp_294-635,YCTDGWNQEGIHRANH,CPP_924,0,None
cpp_294-636,MNKAYFCGCMCLSDKLQ,CPP_924,0,None
cpp_294-637,DLHHPQPEMFLLMTISD,CPP_924,0,None
cpp_294-638,SPYENYKCEYQMPRWLEDE,CPP_924,0,None
cpp_294-639,PWTEDQIVKAMMFFN,CPP_924,0,None
cpp_294-640,SMARMQSEANVYWETD,CPP_924,0,None
cpp_294-641,NHDKSKNRKPKQTNST,CPP_924,0,None
cpp_294-642,FEGYFTREYFFVQVEMPIY,CPP_924,0,None
cpp_294-643,FSGQFEKYYVPHVVE,CPP_924,0,None
cpp_294-644,GATNSLQTWNMDRVL,CPP_924,0,None
cpp_294-645,DCHVHMWSDYFDFMFK,CPP_924,0,None
cpp_294-646,NCINGYAVRADQDFLA,CPP_924,0,None
cpp_294-647,MCFYMEDQVCNTCVQTVEG,CPP_924,0,None
cpp_294-648,HINETEIMPLHIPMETRS,CPP_924,0,None
cpp_294-649,RDINNLPWNEVQQYN,CPP_924,0,None
cpp_294-650,HITSHGKYQIHPFHL,CPP_924,0,None
cpp_294-651,EFDTAMNFIIANVQGL,CPP_924,0,None
cpp_294-652,FGFMDSLITFLALEFCCFI,CPP_924,0,None
cpp_294-653,QLWDHSLTLNLTSTVTG,CPP_924,0,None
cpp_294-654,VGPMKSPMGTCGSRGDGAL,CPP_924,0,None
cpp_294-655,DYHDIKYKPSIFVIKVY,CPP_924,0,None
cpp_294-656,QYCTPNRDYQNTDAT,CPP_924,0,None
cpp_294-657,TIYQKATGHVQAKIPPL,CPP_924,0,None
cpp_294-658,FNVWTEYEGNRAEFH,CPP_924,0,None
cpp_294-659,KRNWRLWLGPPVIHVGI,CPP_924,0,None
cpp_294-660,KIAWTPPMLQCTYGDWN,CPP_924,0,None
cpp_294-661,ETCRYDSEVPSCNMS,CPP_924,0,None
cpp_294-662,NRRPWRMNDPMSWGHN,CPP_924,0,None
cpp_294-663,MYEGSYMSAMKPIDH,CPP_924,0,None
cpp_294-664,WDIINWSDPWYACNYDSW,CPP_924,0,None
cpp_294-665,LNESMAKKNQGRPELGT,CPP_924,0,None
cpp_294-666,QACCEHIQEMFGSEIFCAS,CPP_924,0,None
cpp_294-667,KCQHRTPWKSFHKMFCQ,CPP_924,0,None
cpp_294-668,PTMELGVRIDWIQDGCQ,CPP_924,0,None
cpp_294-669,HSMNGLLNWSDGYNLKM,CPP_924,0,None
cpp_294-670,PCELHIVEGCFGNDM,CPP_924,0,None
cpp_294-671,GPSKESRATQNPSNVC,CPP_924,0,None
cpp_294-672,MSVNMYRSSNNILCWYV,CPP_924,0,None
cpp_294-673,DYVKHSDTFQDTREAT,CPP_924,0,None
cpp_294-674,KCPDRERRMLMRWCM,CPP_924,0,None
cpp_294-675,WLQQYSEDKDCAIHFTSC,CPP_924,0,None
cpp_294-676,PQGFTEKNNLTYCAFSL,CPP_924,0,None
cpp_294-677,AWQCYKCRQDICWQSSKIN,CPP_924,0,None
cpp_294-678,HEAHSTYWFHGKYCFN,CPP_924,0,None
cpp_294-679,NNLCVMRMDMSDWNF,CPP_924,0,None
cpp_294-680,LVYPIDIVNKAVNLYV,CPP_924,0,None
cpp_294-681,PGYKSWYDGADVQTL,CPP_924,0,None
cpp_294-682,FGEFGVDTQTCTWQFTR,CPP_924,0,None
cpp_294-683,FHMQRNWEGWERGAW,CPP_924,0,None
cpp_294-684,DNLDLIVFKYQVNWYFSF,CPP_924,0,None
cpp_294-685,NQRRCSVSVQLCMYYTLV,CPP_924,0,None
cpp_294-686,DWFNLIQYDMFWDLADCES,CPP_924,0,None
cpp_294-687,SSCHRTMFTITLVDGWHQ,CPP_924,0,None
cpp_294-688,DKTDMDQCVNCIEQDW,CPP_924,0,None
cpp_294-689,NLRSIDEAEMCVHHNGLQI,CPP_924,0,None
cpp_294-690,MCWTHKIQRDKFECEFWRP,CPP_924,0,None
cpp_294-691,IWWEEVSKRTGCRGYEI,CPP_924,0,None
cpp_294-692,GFDPLNSGIMHTVKNAAL,CPP_924,0,None
cpp_294-693,KCVINNEHDCNYELLR,CPP_924,0,None
cpp_294-694,KPRADLTCWEHWVAKKFLC,CPP_924,0,None
cpp_294-695,TMDKAFMICVEISWGIFN,CPP_924,0,None
cpp_294-696,IMLRKFKCSEVPCWNS,CPP_924,0,None
cpp_294-697,NWNCIVMAPMRMHRGVLP,CPP_924,0,None
cpp_294-698,VQDKRWIQSAYTSIPEMP,CPP_924,0,None
cpp_294-699,FKPLPKPETNRYMWVSH,CPP_924,0,None
cpp_294-700,NTWVNKEVPWELKMN,CPP_924,0,None
cpp_294-701,GEQWEYNHVSAMFNM,CPP_924,0,None
cpp_294-702,NHKNFNKQAYPLWKNQV,CPP_924,0,None
cpp_294-703,VRANRHMRLWNLFYSGKM,CPP_924,0,None
cpp_294-704,WVTEIMATPQQPPPMFI,CPP_924,0,None
cpp_294-705,IDRYMKWRPIQNSLIA,CPP_924,0,None
cpp_294-706,DGQVCKKEKQKSEDYEEN,CPP_924,0,None
cpp_294-707,KSVIRYSLANHPAIRRD,CPP_924,0,None
cpp_294-708,ACCMWVKEYMIHPYNELV,CPP_924,0,None
cpp_294-709,KQDLKVMGHPQESFNVF,CPP_924,0,None
cpp_294-710,AIRFDAQCTMMAYTFREY,CPP_924,0,None
cpp_294-711,CQTRYNLAPNAWAKV,CPP_924,0,None
cpp_294-712,IAQSHPQRNDGDFTPM,CPP_924,0,None
cpp_294-713,QHQEYMPNNVSTNGWP,CPP_924,0,None
cpp_294-714,CEFGNDVHVIHQSYFPM,CPP_924,0,None
cpp_294-715,VRVQMCSRMRHNHIGHERY,CPP_924,0,None
cpp_294-716,HSCKSQFSYIDRDMITGGT,CPP_924,0,None
cpp_294-717,MSAWVLTQWQIDLCGQEIS,CPP_924,0,None
cpp_294-718,GMGGMWSFIHGMTRWLAEG,CPP_924,0,None
cpp_294-719,GAVESAAAQPVSTIV,CPP_924,0,None
cpp_294-720,YEESCPDIEWEQGYIK,CPP_924,0,None
cpp_294-721,FRVEFCEYGAHPSIH,CPP_924,0,None
cpp_294-722,CKQNVLHPNKHCKCNSE,CPP_924,0,None
cpp_294-723,IWRTCQDWWEIFEGW,CPP_924,0,None
cpp_294-724,NHKSLWSHDTQMCLDDTL,CPP_924,0,None
cpp_294-725,LDRQLSWNQTEWWRLCPFQ,CPP_924,0,None
cpp_294-726,FMVWEFHGNDWARRH,CPP_924,0,None
cpp_294-727,IFWCATRLDYSMHLI,CPP_924,0,None
cpp_294-728,CTWLGARMRWQNDQKND,CPP_924,0,None
cpp_294-729,ATHTDKWFIAWWKLKGLL,CPP_924,0,None
cpp_294-730,VIIYHCWTWCDNLMVKL,CPP_924,0,None
cpp_294-731,VLAAVYYYITLLWIDSIWCKW,CPP_924,0,None
cpp_294-732,DFFYAKLMVEEAFMLHWVKDM,CPP_924,0,None
cpp_294-733,CVMFLSFTMHLMFGSCLEWWVNL,CPP_924,0,None
cpp_294-734,PHQPFWFFAHCGATQLRMNGYEWW,CPP_924,0,None
cpp_294-735,CCGPEVCFDCELDKDPLCCSGAKW,CPP_924,0,None
cpp_294-736,AEVQSGMLNAPMENFMIHHYNMD,CPP_924,0,None
cpp_294-737,MVGFPYWKAYDLVMWGLMRH,CPP_924,0,None
cpp_294-738,PYHRKWFLCYFLGGGAGWCWPQ,CPP_924,0,None
cpp_294-739,IRKFAQQIPVKEGTWQMICEM,CPP_924,0,None
cpp_294-740,ACVNKHMQGMNDSFETIDPYWI,CPP_924,0,None
cpp_294-741,QSNHKSVAATSISTWGESGSSEI,CPP_924,0,None
cpp_294-742,GKLGWMITKRRIELTMYSHYR,CPP_924,0,None
cpp_294-743,MPHAWEHPVWGTTCYNDHWLMF,CPP_924,0,None
cpp_294-744,AYIFHPRKRPKENWMVAHDRDC,CPP_924,0,None
cpp_294-745,KGTLHNECPEMFPELERFLWTNK,CPP_924,0,None
cpp_294-746,KFKYHAERVGINGKHEMITP,CPP_924,0,None
cpp_294-747,CMEEPLLYECLIIPLGDFLL,CPP_924,0,None
cpp_294-748,VPAKKDKYHGWWATFPSPSFVY,CPP_924,0,None
cpp_294-749,NFHKCTCKVKSIANTAEEVRIP,CPP_924,0,None
cpp_294-750,PSKCSVNIEKSLFFMHAQAY,CPP_924,0,None
cpp_294-751,NTIPVRPYNPVFENWPQDWPM,CPP_924,0,None
cpp_294-752,NVPRMYYFQYYGLKTCTWAA,CPP_924,0,None
cpp_294-753,NDYMEHMCQGAFILMRAVHRM,CPP_924,0,None
cpp_294-754,FIMATPNPIFGKHQYMSEMPPETH,CPP_924,0,None
cpp_294-755,NKQWWWAVMARTDETTLNPGDQ,CPP_924,0,None
cpp_294-756,LVRPPQDSHPVEIMKKTLGNF,CPP_924,0,None
cpp_294-757,DAFQHVQFNHLTVYNIDHYFS,CPP_924,0,None
cpp_294-758,CRDRCVWQTTCVTCGNPAVKDQ,CPP_924,0,None
cpp_294-759,CGFVIATVWHQTYARDANREPSAA,CPP_924,0,None
cpp_294-760,CSFWIGHEPSNIFSNTNETTFSCH,CPP_924,0,None
cpp_294-761,ENKCMDEDPHPMGQRERNRKNTTS,CPP_924,0,None
cpp_294-762,VYCNVCFHMTRHGPLPVMSGGNM,CPP_924,0,None
cpp_294-763,TGWERFPSYVRDFGYSGGLQ,CPP_924,0,None
cpp_294-764,QGVTYCYTWHGDFRNPCLFC,CPP_924,0,None
cpp_294-765,CHHEFRNVWVFLGEMPFILKGQWL,CPP_924,0,None
cpp_294-766,SNRNEIIMNSAHKTHVDCRWEQK,CPP_924,0,None
cpp_294-767,RWCKDGGVDNAQKKCVFMHYF,CPP_924,0,None
cpp_294-768,IHRYFRFYWLTDWDEDAYHG,CPP_924,0,None
cpp_294-769,RGRTAKESPLAFKMQEVPDPCRYA,CPP_924,0,None
cpp_294-770,FQLNYKKFTSEMRAPKHDDSMKP,CPP_924,0,None
cpp_294-771,FLQTPLIDSISQTVTPLVCW,CPP_924,0,None
cpp_294-772,YRAMKDQKVNGAPMNKRDPCSGM,CPP_924,0,None
cpp_294-773,LIPFDFVRCLNLSYKTKAYDYPM,CPP_924,0,None
cpp_294-774,CPNSLHMRTMKEEKHEQVDYMSAF,CPP_924,0,None
cpp_294-775,YEKERNENAKHYQPMFMRSWH,CPP_924,0,None
cpp_294-776,RAHLWTLNEWRWEFCPKCCQFVN,CPP_924,0,None
cpp_294-777,LQMIYHQKQFMQYSQTPGEMSG,CPP_924,0,None
cpp_294-778,DTEPFNIKREESPDCPDRLMHGRW,CPP_924,0,None
cpp_294-779,PTVSPPEDSHTCVCFHQDNCTQC,CPP_924,0,None
cpp_294-780,FWSAFYVNLVQLCWKLGNEWATEA,CPP_924,0,None
cpp_294-781,CSRRNHVCAYEFDQHCFLFGKTEH,CPP_924,0,None
cpp_294-782,VDHDRHIIKHLKSGCIGCIDASK,CPP_924,0,None
cpp_294-783,EEEILEYVWACIIGCSGAYQHK,CPP_924,0,None
cpp_294-784,HKHLNSYPQDRGFRYNCKSC,CPP_924,0,None
cpp_294-785,STNQAWELQNSMWEWSELMHCG,CPP_924,0,None
cpp_294-786,RLGTRCSVCMLHAWQGGKQVDE,CPP_924,0,None
cpp_294-787,FSLHRYMAWFCPWTGAWLMLD,CPP_924,0,None
cpp_294-788,CLAITLYDDKTPASDPTICTY,CPP_924,0,None
cpp_294-789,SQWIIMQVLTACTVTHAWPIRG,CPP_924,0,None
cpp_294-790,IGFPDKKMQEMGYYYYDCNAS,CPP_924,0,None
cpp_294-791,VTRPRRRQSDGFPTCQGPRRE,CPP_924,0,None
cpp_294-792,QKHVEDTFVTFSPTDKFYKKR,CPP_924,0,None
cpp_294-793,PTDHFIDVATYRSQEWRIAEYLG,CPP_924,0,None
cpp_294-794,GRHAFWTPAYMHHNIHKACGN,CPP_924,0,None
cpp_294-795,DLFLSFDLAHAAFWTMNYIDEK,CPP_924,0,None
cpp_294-796,GIGWARCLMMHHANHCTKHAH,CPP_924,0,None
cpp_294-797,CLAYVWATPYTSNTESRRGNSSDHKQ,CPP_924,0,None
cpp_294-798,SWEQRNCQMLMNVCNVNRRKGCLGGGRK,CPP_924,0,None
cpp_294-799,FMRDLMIFTDDAANHREYMKAFSTRAVIY,CPP_924,0,None
cpp_294-800,AWICGNMTCGHANMPYMAIYGFAVLSW,CPP_924,0,None
cpp_294-801,AWMQLACFADVDTRHGYMHLMEWDDVYHY,CPP_924,0,None
cpp_294-802,WTFQVCSMGAWYNLGINAAKVNAWLVL,CPP_924,0,None
cpp_294-803,AYTWTGWDPCWSWHCHMRFLKEESHES,CPP_924,0,None
cpp_294-804,PMIKFVIMNQCLVGFPLCLHKCPVFAH,CPP_924,0,None
cpp_294-805,GKGIHFSWNHMAQDQRDNKIEIKNKR,CPP_924,0,None
cpp_294-806,CYVQLFTRDKAVTENKYNFKIVQWYPMV,CPP_924,0,None
cpp_294-807,YGDLQNGFMLFCKIWELDWVAGSAFYQD,CPP_924,0,None
cpp_294-808,LGAQNCLLVKHLVAQLDGDQDDQGTKDSL,CPP_924,0,None
cpp_294-809,WYVFADPVVAAGRDHCELSSDKWPSYN,CPP_924,0,None
cpp_294-810,YQDIRGPTKMEITNNCHLHKCSPKTH,CPP_924,0,None
cpp_294-811,QMWWYMFFEQLHCCGGFWAQIADAHTT,CPP_924,0,None
cpp_294-812,YYFCMEEWQLERSLMWWNYKPLNKNMRN,CPP_924,0,None
cpp_294-813,PQTDEQTTQKSYFNCHFEYIILWSIHAP,CPP_924,0,None
cpp_294-814,HYYQSMKDIIAMMITLDKPHIGARN,CPP_924,0,None
cpp_294-815,TNAPSVVLGGLQGISDSHQYYWHEC,CPP_924,0,None
cpp_294-816,ENRQSIWVTIMEARKNKATLHDYMSVPQW,CPP_924,0,None
cpp_294-817,HAAQNKYPASWKWVRHWNQVEVVHI,CPP_924,0,None
cpp_294-818,QPWIFYVMKEWGVKSQAGESTLTEY,CPP_924,0,None
cpp_294-819,DDAYFDSIECVGHCERLQMCIWSSWYYG,CPP_924,0,None
cpp_294-820,HNSEIYMCWASTDIDLQTNRCGQSI,CPP_924,0,None
cpp_294-821,IAFSMHPGCWGHYKFLTWLDHQYKIQLQT,CPP_924,0,None
cpp_294-822,EMHKLPILYYIPASMGSLTYAVHRCKKS,CPP_924,0,None
cpp_294-823,SCKQGDVVKKNFPMQCPFACFAMVEFVG,CPP_924,0,None
cpp_294-824,SLPPKLEAYNLMKFTAVGSIRYCMTTS,CPP_924,0,None
cpp_294-825,IAYNEMLLANVMPDRPIPGDNYHTFN,CPP_924,0,None
cpp_294-826,HDHHLPEGNGEIMYKLIWCKKEANPGE,CPP_924,0,None
cpp_294-827,GHTTCTPTSYENKYWYRYEQEPADDE,CPP_924,0,None
cpp_294-828,KIYGFLCVCSMCSSCTKPYAYEKHGLRP,CPP_924,0,None
cpp_294-829,CSFYMMMGYRLHYTWLAAITVLHMYHVVA,CPP_924,0,None
cpp_294-830,CYESMACWHHMEKNVLYERHLSQWLP,CPP_924,0,None
cpp_294-831,PWGYIHHPVIFGFFSLDAEFRTFPKC,CPP_924,0,None
cpp_294-832,VFGKHWAYMRNWGWHKHTGALANHVN,CPP_924,0,None
cpp_294-833,YVNMCRCDRPHDSFCPTHWFARYLNRC,CPP_924,0,None
cpp_294-834,YIEVKTGGVTLILTKRIYAYLQHQGSNF,CPP_924,0,None
cpp_294-835,NANQWPQWNQICMTLWVVVGSWPDS,CPP_924,0,None
cpp_294-836,GDKYPAPSGVPQHMCPNEAMPDCSAESS,CPP_924,0,None
cpp_294-837,VDKHCMGSWMSTCGNFEDNHTQEMG,CPP_924,0,None
cpp_294-838,LNNVERSMWKWLKVACKECCYACVH,CPP_924,0,None
cpp_294-839,YWNVKTLDEKAGFPKEDYVKIGDCYCQ,CPP_924,0,None
cpp_294-840,VSVYVFVFIDWHIRPKCHSCQIFQCIWRN,CPP_924,0,None
cpp_294-841,ETCMRINPASMSITKFTHESCSHYYE,CPP_924,0,None
cpp_294-842,RNTQPIPSHSWISRSELVRMLVDDEQTY,CPP_924,0,None
cpp_294-843,KQEIKRHKLEQPSLLGQFKEADTAS,CPP_924,0,None
cpp_294-844,RMMDDGRMIHMLNKRWVTVWCETQYC,CPP_924,0,None
cpp_294-845,IIQFCNCSMIKSRPWFCEKNSLDPPYS,CPP_924,0,None
cpp_294-846,HIQLPCFTFMGSFQAYDHALRDRVIWT,CPP_924,0,None
cpp_294-847,WWYVAMKASMQGWTFCMSCNELTRHDQYE,CPP_924,0,None
cpp_294-848,MRDVFMHLWYNKSIEFAYVRAKIEP,CPP_924,0,None
cpp_294-849,KLIWVWAYDIWPPREPMKSFAPMCLD,CPP_924,0,None
cpp_294-850,VIQQKTQFPIDKSPQQIPMMYGVEWPMWN,CPP_924,0,None
cpp_294-851,DNCCWHCKYRGHWYQHGEFNCFRLSL,CPP_924,0,None
cpp_294-852,NIGHCNWWSNWNCFPINEEDLECASWKRR,CPP_924,0,None
cpp_294-853,YLQTYTMDEIPYLFEQMWAVKEGFHS,CPP_924,0,None
cpp_294-854,QIGFLNVTCKKSINANAEESLEADY,CPP_924,0,None
cpp_294-855,ADWHDVKNPRLMLPDFGAHGEYFTVKNGH,CPP_924,0,None
cpp_294-856,EWYYQGYTTILVCFANQCFGHSIIGFDLP,CPP_924,0,None
cpp_294-857,YHARAFGSVKEAINYQLYAFRPRKEIFMCGN,CPP_924,0,None
cpp_294-858,KGPHTLPKCMYPIYGSSLYKGEHYHAWFPPQLY,CPP_924,0,None
cpp_294-859,GRRRCVFPHEKYAIGGLYCNNKSGDVGGPI,CPP_924,0,None
cpp_294-860,WCPSDMMPAVYVNEGHESKDKNQQMCKAMWNSET,CPP_924,0,None
cpp_294-861,HESRQHKPTTKQVQICIETEAYCECNPAGF,CPP_924,0,None
cpp_294-862,MDHRVMWFYRMRLTHASNTDWWNKTITAYYWWT,CPP_924,0,None
cpp_294-863,NDSRHCRLLEGGLNEVNAQTVFQLQFFNYRNE,CPP_924,0,None
cpp_294-864,VTMSTEEFFYDADTNTKLLPDWESLSHPSYIMY,CPP_924,0,None
cpp_294-865,KRMWFVNFIRHKSCWMTIKYWSIMRIHNCR,CPP_924,0,None
cpp_294-866,TGQITNMPNVKWTCHWGGCWFHAMVALKFASL,CPP_924,0,None
cpp_294-867,FDPFTFRYAIFFKNEQTWGIEVFYKSGQQDKSAH,CPP_924,0,None
cpp_294-868,ILCPMGSNEETCQTMDIRKGWRIARWYRAYGC,CPP_924,0,None
cpp_294-869,FAYFDWHMPLPCMGMLCCKGHPIWAKQTLPH,CPP_924,0,None
cpp_294-870,RGKNENCITNPPDQRLHCLYKIMYSLVGWDLAK,CPP_924,0,None
cpp_294-871,AIHYDSIHCVMQRAANEFLIDETDHGVDQNLQV,CPP_924,0,None
cpp_294-872,TTMQVGDCSFQNDIGWQMNNETDWGWNTCNDKVC,CPP_924,0,None
cpp_294-873,VVFAQDCTSIRMYWHTMCEHLESSESFLWLNC,CPP_924,0,None
cpp_294-874,ILDICDHHGWNCYQKAYGDTIFPKEGAETPCWLK,CPP_924,0,None
cpp_294-875,SCMNTWLQMQSGNQHYIGRMVDYLYYDNSMRND,CPP_924,0,None
cpp_294-876,DTSQHFHWPSQTCFHGYEWNAVYVEQWHPPI,CPP_924,0,None
cpp_294-877,SMEKWNVICHNTHGERPTYKQMKDKKMNIKFR,CPP_924,0,None
cpp_294-878,YPRQLDDVVDETVISIMIDTQNWGIRLGCVMQQG,CPP_924,0,None
cpp_294-879,GCVMDVKGKCLMWTTTYDWWSFGDEAKCGSCE,CPP_924,0,None
cpp_294-880,GNTAWNGNEAFLLVICIKYILDIIGYKNMSLSKE,CPP_924,0,None
cpp_294-881,EVTMGEHPTAKIAMKDTNCPGLQPLFFPKNMD,CPP_924,0,None
cpp_294-882,VAKLWTTIPTYWCHDRPCMFSYSCWWWVMHYIQR,CPP_924,0,None
cpp_294-883,RHDGIYQCGYRGNNDLSIYQQVPQPIWQRWKIA,CPP_924,0,None
cpp_294-884,CNGIQWNPVPPVREHADPTGVPKNPRNWMQCG,CPP_924,0,None
cpp_294-885,IMIFETYNNMMPYQIDFIVYHNTYHTNEMRWQET,CPP_924,0,None
cpp_294-886,ECNDYTSVPHTFTVGLNPDFMSINNFEAPWWV,CPP_924,0,None
cpp_294-887,DKSFLVDFNKNFLHEDFPWKQMGGTFMSHLR,CPP_924,0,None
cpp_294-888,QNMRNLKGFMCDEGEKFAADPTQSQCHDLTYFML,CPP_924,0,None
cpp_294-889,DMDEETFFDQVKWSLWATQCITKFQCEPEAKDFKCEL,CPP_924,0,None
cpp_294-890,GQWCGGRHRYEPCHHPEAQWHQDACWQVNKKWYQLS,CPP_924,0,None
cpp_294-891,DQIDPTRSEGVARFEPDCQGCTPRWPACVKMYKKEV,CPP_924,0,None
cpp_294-892,WMSYRWGRKDQPQKWEFNPENMPYFNGDKWSSMEPENW,CPP_924,0,None
cpp_294-893,VMGNRSHVDQRPVKTTDTSSETQQYFRMAMISDIT,CPP_924,0,None
cpp_294-894,GPSKTNLDLNNHPYDDPSDYYESVRVVTVKGGPIYN,CPP_924,0,None
cpp_294-895,TEVAVEMITDAHLQYPISKIFDGRSMPPYSNWATQMA,CPP_924,0,None
cpp_294-896,FCNVANQAYKQSHQCYCMAPLTKPAWGGMMNMEYSFIYY,CPP_924,0,None
cpp_294-897,AEIMQPPLLNGFRPRRDLCVIRDRGCAPIAWHLVWT,CPP_924,0,None
cpp_294-898,TQLSAQHWSVVNYMMKAYACMALAPTKSDMLERWPDID,CPP_924,0,None
cpp_294-899,QAEQVGTYHKMLFIGGRCLMKGDKQILFPAVREEHWS,CPP_924,0,None
cpp_294-900,YYAKKEMYGYWTHGVGCTWVGYTQKYQYQQLFVPNM,CPP_924,0,None
cpp_294-901,HQCANHKKKIMMWSQKLNDLHRYDLWGGICSDAMMQLSP,CPP_924,0,None
cpp_294-902,VNWIVHGMHFAAGQPIKCIAIKRSKGRWTANRRRTLGA,CPP_924,0,None
cpp_294-903,THPRKFYLVIGEQWSANCGFSLGNTMMEVPFEYMWP,CPP_924,0,None
cpp_294-904,YFMHYCFATWYSPPSGGHSCMDFMQMVKQAAGIDQETRG,CPP_924,0,None
cpp_294-905,KGPVIWSNVFPRQYWCGFEIRSGMQQNPWLIFCEDKTG,CPP_924,0,None
cpp_294-906,TSTAIFFKTGYMEIYANDAYRNTEPKAFPEVANRVHL,CPP_924,0,None
cpp_294-907,YLCHDWLQNPKKDLWYRGAGQIDESHSQMVWRKPCTEIQ,CPP_924,0,None
cpp_294-908,NLELAQGDDAQQVNAFHCNKCRHGVHGHIVIIVNIILE,CPP_924,0,None
cpp_294-909,PYMVCWTMGMPKYQSWPTKEMKSSRMLTSKPCFPN,CPP_924,0,None
cpp_294-910,LHFLHKAWDSMIPKGTHWPIQMQCRYLSDCHVKKHNEHG,CPP_924,0,None
cpp_294-911,CNDWQTKDYMIALLFSFNNYAKWPLKQLIVPTLKILW,CPP_924,0,None
cpp_294-912,IVDWNYNIMNDDDNKTYGSSLQIKSPDQWVEMDWE,CPP_924,0,None
cpp_294-913,HQKKHIEEMENLTVKDQQRMMYCTPCNNKEYWVATYLM,CPP_924,0,None
cpp_294-914,MKYLHDQWLTPEFRYYWIKVSWTLWKFSHKLSEMIL,CPP_924,0,None
cpp_294-915,GEHCFYVPMHDGTGKMTSTAFLIGYCEYHPIQHDDYMACHVNFQ,CPP_924,0,None
cpp_294-916,HRDDGYWTKSGGGAQDVNQGLLDSASNMMSMQNCYIHPKNN,CPP_924,0,None
cpp_294-917,FYLRWESRDFYKNIPSCTENKGAQSMRNGYEQIAHPTNHIWMYM,CPP_924,0,None
cpp_294-918,DAMHDTEETHHMLDKVSRELFLTREMEAGCELFKHMIPAPMRF,CPP_924,0,None
cpp_294-919,KYLVWPFNRSKAKYTWSYPMDWVSHTVMIFIASNDYMGKLC,CPP_924,0,None
cpp_294-920,QLEINNIPCKICIIVIGPCWEERTGTTQERPSEAKHDIWYKTNQQGARH,CPP_924,0,None
cpp_294-921,MFPWDQNCSCFRKRHVFMCKEYRYQVDPRCMHDIYHFSSFWDSMDMVLV,CPP_924,0,None
cpp_294-922,RCYYNAGSVDACCLKCWQWGASCWNQLRLPCKGVSPNCCNSTARERSEKMSV,CPP_924,0,None
cpp_294-923,HRYCVCFYFYAFMGTMTKFLMVAPTFEFCLNLAIFPNLFMHMSVDCIEDCARPIVA,CPP_924,0,None
cpp_294-924,AYKFSYLLARINTNNQCLEWRKQESDIVIDCWVFFHYIVSRSVCWKIYERRTWIGSPM,CPP_924,0,None
